# Time_s,Pack_V,Pack_I_A,I_branchA,I_branchB,Circulation_A,SocA,SocB
0.000000,25.199901,200.000000,200.000000,0.000000,-100.000000,1.000000,1.000000
1.000000,25.199901,200.000000,200.000000,0.000000,-100.000000,0.999823,1.000000
2.000000,25.160802,200.000000,200.000000,0.000000,-100.000000,0.999646,1.000000
3.000000,25.153762,200.000000,200.000000,0.000000,-100.000000,0.999469,1.000000
4.000000,25.146782,200.000000,200.000000,0.000000,-100.000000,0.999292,1.000000
5.000000,25.139862,200.000000,200.000000,0.000000,-100.000000,0.999115,1.000000
6.000000,25.133000,200.000000,200.000000,0.000000,-100.000000,0.998938,1.000000
7.000000,25.126196,200.000000,200.000000,0.000000,-100.000000,0.998762,1.000000
8.000000,25.119450,200.000000,200.000000,0.000000,-100.000000,0.998585,1.000000
9.000000,25.112761,200.000000,200.000000,0.000000,-100.000000,0.998408,1.000000
10.000000,25.106128,200.000000,200.000000,0.000000,-100.000000,0.998231,1.000000
11.000000,25.099551,200.000000,200.000000,0.000000,-100.000000,0.998054,1.000000
12.000000,25.093029,200.000000,200.000000,0.000000,-100.000000,0.997877,1.000000
13.000000,25.086563,200.000000,200.000000,0.000000,-100.000000,0.997700,1.000000
14.000000,25.080150,200.000000,200.000000,0.000000,-100.000000,0.997523,1.000000
15.000000,25.073792,200.000000,200.000000,0.000000,-100.000000,0.997346,1.000000
16.000000,25.067486,200.000000,200.000000,0.000000,-100.000000,0.997169,1.000000
17.000000,25.061234,200.000000,200.000000,0.000000,-100.000000,0.996992,1.000000
18.000000,25.055033,200.000000,200.000000,0.000000,-100.000000,0.996815,1.000000
19.000000,25.048885,200.000000,200.000000,0.000000,-100.000000,0.996638,1.000000
20.000000,25.042788,200.000000,200.000000,0.000000,-100.000000,0.996461,1.000000
21.000000,25.036741,200.000000,200.000000,0.000000,-100.000000,0.996285,1.000000
22.000000,25.030745,200.000000,200.000000,0.000000,-100.000000,0.996108,1.000000
23.000000,25.024798,200.000000,200.000000,0.000000,-100.000000,0.995931,1.000000
24.000000,25.018901,200.000000,200.000000,0.000000,-100.000000,0.995754,1.000000
25.000000,25.013053,200.000000,200.000000,0.000000,-100.000000,0.995577,1.000000
26.000000,25.007253,200.000000,200.000000,0.000000,-100.000000,0.995400,1.000000
27.000000,25.001501,200.000000,200.000000,0.000000,-100.000000,0.995223,1.000000
28.000000,24.995797,200.000000,200.000000,0.000000,-100.000000,0.995046,1.000000
29.000000,24.990139,200.000000,200.000000,0.000000,-100.000000,0.994869,1.000000
30.000000,24.984528,200.000000,200.000000,0.000000,-100.000000,0.994692,1.000000
31.000000,24.978963,200.000000,200.000000,0.000000,-100.000000,0.994515,1.000000
32.000000,24.973444,200.000000,200.000000,0.000000,-100.000000,0.994338,1.000000
33.000000,24.967970,200.000000,200.000000,0.000000,-100.000000,0.994161,1.000000
34.000000,24.962541,200.000000,200.000000,0.000000,-100.000000,0.993984,1.000000
35.000000,24.957157,200.000000,200.000000,0.000000,-100.000000,0.993808,1.000000
36.000000,24.951816,200.000000,200.000000,0.000000,-100.000000,0.993631,1.000000
37.000000,24.946519,200.000000,200.000000,0.000000,-100.000000,0.993454,1.000000
38.000000,24.941265,200.000000,200.000000,0.000000,-100.000000,0.993277,1.000000
39.000000,24.936053,200.000000,200.000000,0.000000,-100.000000,0.993100,1.000000
40.000000,24.930884,200.000000,200.000000,0.000000,-100.000000,0.992923,1.000000
41.000000,24.925757,200.000000,200.000000,0.000000,-100.000000,0.992746,1.000000
42.000000,24.920671,200.000000,200.000000,0.000000,-100.000000,0.992569,1.000000
43.000000,24.915627,200.000000,200.000000,0.000000,-100.000000,0.992392,1.000000
44.000000,24.910623,200.000000,200.000000,0.000000,-100.000000,0.992215,1.000000
45.000000,24.905659,200.000000,200.000000,0.000000,-100.000000,0.992038,1.000000
46.000000,24.900736,200.000000,200.000000,0.000000,-100.000000,0.991861,1.000000
47.000000,24.895851,200.000000,200.000000,0.000000,-100.000000,0.991684,1.000000
48.000000,24.891006,200.000000,200.000000,0.000000,-100.000000,0.991507,1.000000
49.000000,24.886200,200.000000,200.000000,0.000000,-100.000000,0.991331,1.000000
50.000000,24.881433,200.000000,200.000000,0.000000,-100.000000,0.991154,1.000000
51.000000,24.876703,200.000000,200.000000,0.000000,-100.000000,0.990977,1.000000
52.000000,24.872011,200.000000,200.000000,0.000000,-100.000000,0.990800,1.000000
53.000000,24.867356,200.000000,200.000000,0.000000,-100.000000,0.990623,1.000000
54.000000,24.862739,200.000000,200.000000,0.000000,-100.000000,0.990446,1.000000
55.000000,24.858158,200.000000,200.000000,0.000000,-100.000000,0.990269,1.000000
56.000000,24.853613,200.000000,200.000000,0.000000,-100.000000,0.990092,1.000000
57.000000,24.849104,200.000000,200.000000,0.000000,-100.000000,0.989915,1.000000
58.000000,24.844634,200.000000,200.000000,0.000000,-100.000000,0.989738,1.000000
59.000000,24.840201,200.000000,200.000000,0.000000,-100.000000,0.989561,1.000000
60.000000,24.835804,200.000000,200.000000,0.000000,-100.000000,0.989384,1.000000
61.000000,24.831441,200.000000,200.000000,0.000000,-100.000000,0.989207,1.000000
62.000000,24.827113,200.000000,200.000000,0.000000,-100.000000,0.989030,1.000000
63.000000,24.822818,200.000000,200.000000,0.000000,-100.000000,0.988854,1.000000
64.000000,24.818557,200.000000,200.000000,0.000000,-100.000000,0.988677,1.000000
65.000000,24.814329,200.000000,200.000000,0.000000,-100.000000,0.988500,1.000000
66.000000,24.810135,200.000000,200.000000,0.000000,-100.000000,0.988323,1.000000
67.000000,24.805972,200.000000,200.000000,0.000000,-100.000000,0.988146,1.000000
68.000000,24.801843,200.000000,200.000000,0.000000,-100.000000,0.987969,1.000000
69.000000,24.797745,200.000000,200.000000,0.000000,-100.000000,0.987792,1.000000
70.000000,24.793679,200.000000,200.000000,0.000000,-100.000000,0.987615,1.000000
71.000000,24.789644,200.000000,200.000000,0.000000,-100.000000,0.987438,1.000000
72.000000,24.785640,200.000000,200.000000,0.000000,-100.000000,0.987261,1.000000
73.000000,24.781668,200.000000,200.000000,0.000000,-100.000000,0.987084,1.000000
74.000000,24.777725,200.000000,200.000000,0.000000,-100.000000,0.986907,1.000000
75.000000,24.773813,200.000000,200.000000,0.000000,-100.000000,0.986730,1.000000
76.000000,24.769931,200.000000,200.000000,0.000000,-100.000000,0.986553,1.000000
77.000000,24.766079,200.000000,200.000000,0.000000,-100.000000,0.986377,1.000000
78.000000,24.762256,200.000000,200.000000,0.000000,-100.000000,0.986200,1.000000
79.000000,24.758462,200.000000,200.000000,0.000000,-100.000000,0.986023,1.000000
80.000000,24.754697,200.000000,200.000000,0.000000,-100.000000,0.985846,1.000000
81.000000,24.750960,200.000000,200.000000,0.000000,-100.000000,0.985669,1.000000
82.000000,24.747252,200.000000,200.000000,0.000000,-100.000000,0.985492,1.000000
83.000000,24.743572,200.000000,200.000000,0.000000,-100.000000,0.985315,1.000000
84.000000,24.739919,200.000000,200.000000,0.000000,-100.000000,0.985138,1.000000
85.000000,24.736294,200.000000,200.000000,0.000000,-100.000000,0.984961,1.000000
86.000000,24.732696,200.000000,200.000000,0.000000,-100.000000,0.984784,1.000000
87.000000,24.729125,200.000000,200.000000,0.000000,-100.000000,0.984607,1.000000
88.000000,24.725581,200.000000,200.000000,0.000000,-100.000000,0.984430,1.000000
89.000000,24.722063,200.000000,200.000000,0.000000,-100.000000,0.984253,1.000000
90.000000,24.718571,200.000000,200.000000,0.000000,-100.000000,0.984076,1.000000
91.000000,24.715105,200.000000,200.000000,0.000000,-100.000000,0.983900,1.000000
92.000000,24.711665,200.000000,200.000000,0.000000,-100.000000,0.983723,1.000000
93.000000,24.708251,200.000000,200.000000,0.000000,-100.000000,0.983546,1.000000
94.000000,24.704861,200.000000,200.000000,0.000000,-100.000000,0.983369,1.000000
95.000000,24.701497,200.000000,200.000000,0.000000,-100.000000,0.983192,1.000000
96.000000,24.698157,200.000000,200.000000,0.000000,-100.000000,0.983015,1.000000
97.000000,24.694842,200.000000,200.000000,0.000000,-100.000000,0.982838,1.000000
98.000000,24.691551,200.000000,200.000000,0.000000,-100.000000,0.982661,1.000000
99.000000,24.688284,200.000000,200.000000,0.000000,-100.000000,0.982484,1.000000
100.000000,24.685040,200.000000,200.000000,0.000000,-100.000000,0.982307,1.000000
101.000000,24.681821,200.000000,200.000000,0.000000,-100.000000,0.982130,1.000000
102.000000,24.678624,200.000000,200.000000,0.000000,-100.000000,0.981953,1.000000
103.000000,24.675451,200.000000,200.000000,0.000000,-100.000000,0.981776,1.000000
104.000000,24.672301,200.000000,200.000000,0.000000,-100.000000,0.981599,1.000000
105.000000,24.669173,200.000000,200.000000,0.000000,-100.000000,0.981423,1.000000
106.000000,24.666068,200.000000,200.000000,0.000000,-100.000000,0.981246,1.000000
107.000000,24.662985,200.000000,200.000000,0.000000,-100.000000,0.981069,1.000000
108.000000,24.659924,200.000000,200.000000,0.000000,-100.000000,0.980892,1.000000
109.000000,24.656885,200.000000,200.000000,0.000000,-100.000000,0.980715,1.000000
110.000000,24.653867,200.000000,200.000000,0.000000,-100.000000,0.980538,1.000000
111.000000,24.650871,200.000000,200.000000,0.000000,-100.000000,0.980361,1.000000
112.000000,24.647896,200.000000,200.000000,0.000000,-100.000000,0.980184,1.000000
113.000000,24.644943,200.000000,200.000000,0.000000,-100.000000,0.980007,1.000000
114.000000,24.642010,200.000000,200.000000,0.000000,-100.000000,0.979830,1.000000
115.000000,24.639103,200.000000,200.000000,0.000000,-100.000000,0.979653,1.000000
116.000000,24.636218,200.000000,200.000000,0.000000,-100.000000,0.979476,1.000000
117.000000,24.633352,200.000000,200.000000,0.000000,-100.000000,0.979299,1.000000
118.000000,24.630507,200.000000,200.000000,0.000000,-100.000000,0.979122,1.000000
119.000000,24.627682,200.000000,200.000000,0.000000,-100.000000,0.978946,1.000000
120.000000,24.624876,200.000000,200.000000,0.000000,-100.000000,0.978769,1.000000
121.000000,24.622089,200.000000,200.000000,0.000000,-100.000000,0.978592,1.000000
122.000000,24.619322,200.000000,200.000000,0.000000,-100.000000,0.978415,1.000000
123.000000,24.616574,200.000000,200.000000,0.000000,-100.000000,0.978238,1.000000
124.000000,24.613845,200.000000,200.000000,0.000000,-100.000000,0.978061,1.000000
125.000000,24.611135,200.000000,200.000000,0.000000,-100.000000,0.977884,1.000000
126.000000,24.608443,200.000000,200.000000,0.000000,-100.000000,0.977707,1.000000
127.000000,24.605769,200.000000,200.000000,0.000000,-100.000000,0.977530,1.000000
128.000000,24.603114,200.000000,200.000000,0.000000,-100.000000,0.977353,1.000000
129.000000,24.600477,200.000000,200.000000,0.000000,-100.000000,0.977176,1.000000
130.000000,24.597857,200.000000,200.000000,0.000000,-100.000000,0.976999,1.000000
131.000000,24.595255,200.000000,200.000000,0.000000,-100.000000,0.976822,1.000000
132.000000,24.592671,200.000000,200.000000,0.000000,-100.000000,0.976645,1.000000
133.000000,24.590104,200.000000,200.000000,0.000000,-100.000000,0.976469,1.000000
134.000000,24.587555,200.000000,200.000000,0.000000,-100.000000,0.976292,1.000000
135.000000,24.585022,200.000000,200.000000,0.000000,-100.000000,0.976115,1.000000
136.000000,24.582506,200.000000,200.000000,0.000000,-100.000000,0.975938,1.000000
137.000000,24.580007,200.000000,200.000000,0.000000,-100.000000,0.975761,1.000000
138.000000,24.577524,200.000000,200.000000,0.000000,-100.000000,0.975584,1.000000
139.000000,24.575058,200.000000,200.000000,0.000000,-100.000000,0.975407,1.000000
140.000000,24.572608,200.000000,200.000000,0.000000,-100.000000,0.975230,1.000000
141.000000,24.570174,200.000000,200.000000,0.000000,-100.000000,0.975053,1.000000
142.000000,24.567756,200.000000,200.000000,0.000000,-100.000000,0.974876,1.000000
143.000000,24.565354,200.000000,200.000000,0.000000,-100.000000,0.974699,1.000000
144.000000,24.562967,200.000000,200.000000,0.000000,-100.000000,0.974522,1.000000
145.000000,24.560596,200.000000,200.000000,0.000000,-100.000000,0.974345,1.000000
146.000000,24.558240,200.000000,200.000000,0.000000,-100.000000,0.974168,1.000000
147.000000,24.555900,200.000000,200.000000,0.000000,-100.000000,0.973992,1.000000
148.000000,24.553574,200.000000,200.000000,0.000000,-100.000000,0.973815,1.000000
149.000000,24.551263,200.000000,200.000000,0.000000,-100.000000,0.973638,1.000000
150.000000,24.548967,200.000000,200.000000,0.000000,-100.000000,0.973461,1.000000
151.000000,24.546686,200.000000,200.000000,0.000000,-100.000000,0.973284,1.000000
152.000000,24.544419,200.000000,200.000000,0.000000,-100.000000,0.973107,1.000000
153.000000,24.542166,200.000000,200.000000,0.000000,-100.000000,0.972930,1.000000
154.000000,24.539928,200.000000,200.000000,0.000000,-100.000000,0.972753,1.000000
155.000000,24.537704,200.000000,200.000000,0.000000,-100.000000,0.972576,1.000000
156.000000,24.535493,200.000000,200.000000,0.000000,-100.000000,0.972399,1.000000
157.000000,24.533297,200.000000,200.000000,0.000000,-100.000000,0.972222,1.000000
158.000000,24.531114,200.000000,200.000000,0.000000,-100.000000,0.972045,1.000000
159.000000,24.528944,200.000000,200.000000,0.000000,-100.000000,0.971868,1.000000
160.000000,24.526788,200.000000,200.000000,0.000000,-100.000000,0.971691,1.000000
161.000000,24.524645,200.000000,200.000000,0.000000,-100.000000,0.971515,1.000000
162.000000,24.522516,200.000000,200.000000,0.000000,-100.000000,0.971338,1.000000
163.000000,24.520399,200.000000,200.000000,0.000000,-100.000000,0.971161,1.000000
164.000000,24.518295,200.000000,200.000000,0.000000,-100.000000,0.970984,1.000000
165.000000,24.516204,200.000000,200.000000,0.000000,-100.000000,0.970807,1.000000
166.000000,24.514126,200.000000,200.000000,0.000000,-100.000000,0.970630,1.000000
167.000000,24.512060,200.000000,200.000000,0.000000,-100.000000,0.970453,1.000000
168.000000,24.510007,200.000000,200.000000,0.000000,-100.000000,0.970276,1.000000
169.000000,24.507966,200.000000,200.000000,0.000000,-100.000000,0.970099,1.000000
170.000000,24.505937,200.000000,200.000000,0.000000,-100.000000,0.969922,1.000000
171.000000,24.503924,200.000000,200.000000,0.000000,-100.000000,0.969745,1.000000
172.000000,24.501926,200.000000,200.000000,0.000000,-100.000000,0.969568,1.000000
173.000000,24.499940,200.000000,200.000000,0.000000,-100.000000,0.969391,1.000000
174.000000,24.497966,200.000000,200.000000,0.000000,-100.000000,0.969214,1.000000
175.000000,24.496004,200.000000,200.000000,0.000000,-100.000000,0.969038,1.000000
176.000000,24.494053,200.000000,200.000000,0.000000,-100.000000,0.968861,1.000000
177.000000,24.492113,200.000000,200.000000,0.000000,-100.000000,0.968684,1.000000
178.000000,24.490185,200.000000,200.000000,0.000000,-100.000000,0.968507,1.000000
179.000000,24.488268,200.000000,200.000000,0.000000,-100.000000,0.968330,1.000000
180.000000,24.486361,200.000000,200.000000,0.000000,-100.000000,0.968153,1.000000
181.000000,24.484466,200.000000,200.000000,0.000000,-100.000000,0.967976,1.000000
182.000000,24.482582,200.000000,200.000000,0.000000,-100.000000,0.967799,1.000000
183.000000,24.480709,200.000000,200.000000,0.000000,-100.000000,0.967622,1.000000
184.000000,24.478846,200.000000,200.000000,0.000000,-100.000000,0.967445,1.000000
185.000000,24.476994,200.000000,200.000000,0.000000,-100.000000,0.967268,1.000000
186.000000,24.475152,200.000000,200.000000,0.000000,-100.000000,0.967091,1.000000
187.000000,24.473320,200.000000,200.000000,0.000000,-100.000000,0.966914,1.000000
188.000000,24.471499,200.000000,200.000000,0.000000,-100.000000,0.966737,1.000000
189.000000,24.469688,200.000000,200.000000,0.000000,-100.000000,0.966561,1.000000
190.000000,24.467887,200.000000,200.000000,0.000000,-100.000000,0.966384,1.000000
191.000000,24.466096,200.000000,200.000000,0.000000,-100.000000,0.966207,1.000000
192.000000,24.464315,200.000000,200.000000,0.000000,-100.000000,0.966030,1.000000
193.000000,24.462544,200.000000,200.000000,0.000000,-100.000000,0.965853,1.000000
194.000000,24.460782,200.000000,200.000000,0.000000,-100.000000,0.965676,1.000000
195.000000,24.459030,200.000000,200.000000,0.000000,-100.000000,0.965499,1.000000
196.000000,24.457288,200.000000,200.000000,0.000000,-100.000000,0.965322,1.000000
197.000000,24.455555,200.000000,200.000000,0.000000,-100.000000,0.965145,1.000000
198.000000,24.453831,200.000000,200.000000,0.000000,-100.000000,0.964968,1.000000
199.000000,24.452116,200.000000,200.000000,0.000000,-100.000000,0.964791,1.000000
200.000000,24.450411,200.000000,200.000000,0.000000,-100.000000,0.964614,1.000000
201.000000,24.448715,200.000000,200.000000,0.000000,-100.000000,0.964437,1.000000
202.000000,24.447027,200.000000,200.000000,0.000000,-100.000000,0.964260,1.000000
203.000000,24.445349,200.000000,200.000000,0.000000,-100.000000,0.964084,1.000000
204.000000,24.443679,200.000000,200.000000,0.000000,-100.000000,0.963907,1.000000
205.000000,24.442018,200.000000,200.000000,0.000000,-100.000000,0.963730,1.000000
206.000000,24.440366,200.000000,200.000000,0.000000,-100.000000,0.963553,1.000000
207.000000,24.438722,200.000000,200.000000,0.000000,-100.000000,0.963376,1.000000
208.000000,24.437087,200.000000,200.000000,0.000000,-100.000000,0.963199,1.000000
209.000000,24.435460,200.000000,200.000000,0.000000,-100.000000,0.963022,1.000000
210.000000,24.433842,200.000000,200.000000,0.000000,-100.000000,0.962845,1.000000
211.000000,24.432231,200.000000,200.000000,0.000000,-100.000000,0.962668,1.000000
212.000000,24.430629,200.000000,200.000000,0.000000,-100.000000,0.962491,1.000000
213.000000,24.429035,200.000000,200.000000,0.000000,-100.000000,0.962314,1.000000
214.000000,24.427449,200.000000,200.000000,0.000000,-100.000000,0.962137,1.000000
215.000000,24.425871,200.000000,200.000000,0.000000,-100.000000,0.961960,1.000000
216.000000,24.424301,200.000000,200.000000,0.000000,-100.000000,0.961783,1.000000
217.000000,24.422738,200.000000,200.000000,0.000000,-100.000000,0.961607,1.000000
218.000000,24.421184,200.000000,200.000000,0.000000,-100.000000,0.961430,1.000000
219.000000,24.419636,200.000000,200.000000,0.000000,-100.000000,0.961253,1.000000
220.000000,24.418097,200.000000,200.000000,0.000000,-100.000000,0.961076,1.000000
221.000000,24.416565,200.000000,200.000000,0.000000,-100.000000,0.960899,1.000000
222.000000,24.415040,200.000000,200.000000,0.000000,-100.000000,0.960722,1.000000
223.000000,24.413523,200.000000,200.000000,0.000000,-100.000000,0.960545,1.000000
224.000000,24.412013,200.000000,200.000000,0.000000,-100.000000,0.960368,1.000000
225.000000,24.410510,200.000000,200.000000,0.000000,-100.000000,0.960191,1.000000
226.000000,24.409014,200.000000,200.000000,0.000000,-100.000000,0.960014,1.000000
227.000000,24.407526,200.000000,200.000000,0.000000,-100.000000,0.959837,1.000000
228.000000,24.406051,200.000000,200.000000,0.000000,-100.000000,0.959660,1.000000
229.000000,24.404585,200.000000,200.000000,0.000000,-100.000000,0.959483,1.000000
230.000000,24.403125,200.000000,200.000000,0.000000,-100.000000,0.959306,1.000000
231.000000,24.401672,200.000000,200.000000,0.000000,-100.000000,0.959130,1.000000
232.000000,24.400225,200.000000,200.000000,0.000000,-100.000000,0.958953,1.000000
233.000000,24.398786,200.000000,200.000000,0.000000,-100.000000,0.958776,1.000000
234.000000,24.397353,200.000000,200.000000,0.000000,-100.000000,0.958599,1.000000
235.000000,24.395926,200.000000,200.000000,0.000000,-100.000000,0.958422,1.000000
236.000000,24.394506,200.000000,200.000000,0.000000,-100.000000,0.958245,1.000000
237.000000,24.393093,200.000000,200.000000,0.000000,-100.000000,0.958068,1.000000
238.000000,24.391685,200.000000,200.000000,0.000000,-100.000000,0.957891,1.000000
239.000000,24.390284,200.000000,200.000000,0.000000,-100.000000,0.957714,1.000000
240.000000,24.388890,200.000000,200.000000,0.000000,-100.000000,0.957537,1.000000
241.000000,24.387501,200.000000,200.000000,0.000000,-100.000000,0.957360,1.000000
242.000000,24.386119,200.000000,200.000000,0.000000,-100.000000,0.957183,1.000000
243.000000,24.384743,200.000000,200.000000,0.000000,-100.000000,0.957006,1.000000
244.000000,24.383373,200.000000,200.000000,0.000000,-100.000000,0.956829,1.000000
245.000000,24.382008,200.000000,200.000000,0.000000,-100.000000,0.956653,1.000000
246.000000,24.380650,200.000000,200.000000,0.000000,-100.000000,0.956476,1.000000
247.000000,24.379298,200.000000,200.000000,0.000000,-100.000000,0.956299,1.000000
248.000000,24.377951,200.000000,200.000000,0.000000,-100.000000,0.956122,1.000000
249.000000,24.376610,200.000000,200.000000,0.000000,-100.000000,0.955945,1.000000
250.000000,24.375275,200.000000,200.000000,0.000000,-100.000000,0.955768,1.000000
251.000000,24.373945,200.000000,200.000000,0.000000,-100.000000,0.955591,1.000000
252.000000,24.372621,200.000000,200.000000,0.000000,-100.000000,0.955414,1.000000
253.000000,24.371302,200.000000,200.000000,0.000000,-100.000000,0.955237,1.000000
254.000000,24.369989,200.000000,200.000000,0.000000,-100.000000,0.955060,1.000000
255.000000,24.368682,200.000000,200.000000,0.000000,-100.000000,0.954883,1.000000
256.000000,24.367379,200.000000,200.000000,0.000000,-100.000000,0.954706,1.000000
257.000000,24.366083,200.000000,200.000000,0.000000,-100.000000,0.954529,1.000000
258.000000,24.364791,200.000000,200.000000,0.000000,-100.000000,0.954352,1.000000
259.000000,24.363504,200.000000,200.000000,0.000000,-100.000000,0.954176,1.000000
260.000000,24.362223,200.000000,200.000000,0.000000,-100.000000,0.953999,1.000000
261.000000,24.360947,200.000000,200.000000,0.000000,-100.000000,0.953822,1.000000
262.000000,24.359676,200.000000,200.000000,0.000000,-100.000000,0.953645,1.000000
263.000000,24.358410,200.000000,200.000000,0.000000,-100.000000,0.953468,1.000000
264.000000,24.357149,200.000000,200.000000,0.000000,-100.000000,0.953291,1.000000
265.000000,24.355893,200.000000,200.000000,0.000000,-100.000000,0.953114,1.000000
266.000000,24.354641,200.000000,200.000000,0.000000,-100.000000,0.952937,1.000000
267.000000,24.353395,200.000000,200.000000,0.000000,-100.000000,0.952760,1.000000
268.000000,24.352153,200.000000,200.000000,0.000000,-100.000000,0.952583,1.000000
269.000000,24.350916,200.000000,200.000000,0.000000,-100.000000,0.952406,1.000000
270.000000,24.349684,200.000000,200.000000,0.000000,-100.000000,0.952229,1.000000
271.000000,24.348457,200.000000,200.000000,0.000000,-100.000000,0.952052,1.000000
272.000000,24.347234,200.000000,200.000000,0.000000,-100.000000,0.951875,1.000000
273.000000,24.346015,200.000000,200.000000,0.000000,-100.000000,0.951699,1.000000
274.000000,24.344801,200.000000,200.000000,0.000000,-100.000000,0.951522,1.000000
275.000000,24.343592,200.000000,200.000000,0.000000,-100.000000,0.951345,1.000000
276.000000,24.342387,200.000000,200.000000,0.000000,-100.000000,0.951168,1.000000
277.000000,24.341187,200.000000,200.000000,0.000000,-100.000000,0.950991,1.000000
278.000000,24.339990,200.000000,200.000000,0.000000,-100.000000,0.950814,1.000000
279.000000,24.338799,200.000000,200.000000,0.000000,-100.000000,0.950637,1.000000
280.000000,24.337611,200.000000,200.000000,0.000000,-100.000000,0.950460,1.000000
281.000000,24.336428,200.000000,200.000000,0.000000,-100.000000,0.950283,1.000000
282.000000,24.335249,200.000000,200.000000,0.000000,-100.000000,0.950106,1.000000
283.000000,24.334074,200.000000,200.000000,0.000000,-100.000000,0.949929,1.000000
284.000000,24.332906,200.000000,200.000000,0.000000,-100.000000,0.949752,1.000000
285.000000,24.331748,200.000000,200.000000,0.000000,-100.000000,0.949575,1.000000
286.000000,24.330594,200.000000,200.000000,0.000000,-100.000000,0.949398,1.000000
287.000000,24.329443,200.000000,200.000000,0.000000,-100.000000,0.949222,1.000000
288.000000,24.328297,200.000000,200.000000,0.000000,-100.000000,0.949045,1.000000
289.000000,24.327155,200.000000,200.000000,0.000000,-100.000000,0.948868,1.000000
290.000000,24.326016,200.000000,200.000000,0.000000,-100.000000,0.948691,1.000000
291.000000,24.324882,200.000000,200.000000,0.000000,-100.000000,0.948514,1.000000
292.000000,24.323751,200.000000,200.000000,0.000000,-100.000000,0.948337,1.000000
293.000000,24.322624,200.000000,200.000000,0.000000,-100.000000,0.948160,1.000000
294.000000,24.321501,200.000000,200.000000,0.000000,-100.000000,0.947983,1.000000
295.000000,24.320381,200.000000,200.000000,0.000000,-100.000000,0.947806,1.000000
296.000000,24.319265,200.000000,200.000000,0.000000,-100.000000,0.947629,1.000000
297.000000,24.318153,200.000000,200.000000,0.000000,-100.000000,0.947452,1.000000
298.000000,24.317044,200.000000,200.000000,0.000000,-100.000000,0.947275,1.000000
299.000000,24.315939,200.000000,200.000000,0.000000,-100.000000,0.947098,1.000000
300.000000,24.314838,200.000000,200.000000,0.000000,-100.000000,0.946921,1.000000
301.000000,24.313740,200.000000,200.000000,0.000000,-100.000000,0.946745,1.000000
302.000000,24.312645,200.000000,200.000000,0.000000,-100.000000,0.946568,1.000000
303.000000,24.311554,200.000000,200.000000,0.000000,-100.000000,0.946391,1.000000
304.000000,24.310466,200.000000,200.000000,0.000000,-100.000000,0.946214,1.000000
305.000000,24.309382,200.000000,200.000000,0.000000,-100.000000,0.946037,1.000000
306.000000,24.308301,200.000000,200.000000,0.000000,-100.000000,0.945860,1.000000
307.000000,24.307223,200.000000,200.000000,0.000000,-100.000000,0.945683,1.000000
308.000000,24.306149,200.000000,200.000000,0.000000,-100.000000,0.945506,1.000000
309.000000,24.305078,200.000000,200.000000,0.000000,-100.000000,0.945329,1.000000
310.000000,24.304010,200.000000,200.000000,0.000000,-100.000000,0.945152,1.000000
311.000000,24.302945,200.000000,200.000000,0.000000,-100.000000,0.944975,1.000000
312.000000,24.301883,200.000000,200.000000,0.000000,-100.000000,0.944798,1.000000
313.000000,24.300825,200.000000,200.000000,0.000000,-100.000000,0.944621,1.000000
314.000000,24.299769,200.000000,200.000000,0.000000,-100.000000,0.944444,1.000000
315.000000,24.298717,200.000000,200.000000,0.000000,-100.000000,0.944268,1.000000
316.000000,24.297668,200.000000,200.000000,0.000000,-100.000000,0.944091,1.000000
317.000000,24.296622,200.000000,200.000000,0.000000,-100.000000,0.943914,1.000000
318.000000,24.295578,200.000000,200.000000,0.000000,-100.000000,0.943737,1.000000
319.000000,24.294538,200.000000,200.000000,0.000000,-100.000000,0.943560,1.000000
320.000000,24.293501,200.000000,200.000000,0.000000,-100.000000,0.943383,1.000000
321.000000,24.292466,200.000000,200.000000,0.000000,-100.000000,0.943206,1.000000
322.000000,24.291434,200.000000,200.000000,0.000000,-100.000000,0.943029,1.000000
323.000000,24.290406,200.000000,200.000000,0.000000,-100.000000,0.942852,1.000000
324.000000,24.289380,200.000000,200.000000,0.000000,-100.000000,0.942675,1.000000
325.000000,24.288357,200.000000,200.000000,0.000000,-100.000000,0.942498,1.000000
326.000000,24.287336,200.000000,200.000000,0.000000,-100.000000,0.942321,1.000000
327.000000,24.286318,200.000000,200.000000,0.000000,-100.000000,0.942144,1.000000
328.000000,24.285303,200.000000,200.000000,0.000000,-100.000000,0.941967,1.000000
329.000000,24.284291,200.000000,200.000000,0.000000,-100.000000,0.941791,1.000000
330.000000,24.283282,200.000000,200.000000,0.000000,-100.000000,0.941614,1.000000
331.000000,24.282275,200.000000,200.000000,0.000000,-100.000000,0.941437,1.000000
332.000000,24.281270,200.000000,200.000000,0.000000,-100.000000,0.941260,1.000000
333.000000,24.280268,200.000000,200.000000,0.000000,-100.000000,0.941083,1.000000
334.000000,24.279269,200.000000,200.000000,0.000000,-100.000000,0.940906,1.000000
335.000000,24.278273,200.000000,200.000000,0.000000,-100.000000,0.940729,1.000000
336.000000,24.277278,200.000000,200.000000,0.000000,-100.000000,0.940552,1.000000
337.000000,24.276287,200.000000,200.000000,0.000000,-100.000000,0.940375,1.000000
338.000000,24.275297,200.000000,200.000000,0.000000,-100.000000,0.940198,1.000000
339.000000,24.274311,200.000000,200.000000,0.000000,-100.000000,0.940021,1.000000
340.000000,24.273326,200.000000,200.000000,0.000000,-100.000000,0.939844,1.000000
341.000000,24.272352,200.000000,200.000000,0.000000,-100.000000,0.939667,1.000000
342.000000,24.271382,200.000000,200.000000,0.000000,-100.000000,0.939490,1.000000
343.000000,24.270414,200.000000,200.000000,0.000000,-100.000000,0.939314,1.000000
344.000000,24.269448,200.000000,200.000000,0.000000,-100.000000,0.939137,1.000000
345.000000,24.268485,200.000000,200.000000,0.000000,-100.000000,0.938960,1.000000
346.000000,24.267524,200.000000,200.000000,0.000000,-100.000000,0.938783,1.000000
347.000000,24.266565,200.000000,200.000000,0.000000,-100.000000,0.938606,1.000000
348.000000,24.265608,200.000000,200.000000,0.000000,-100.000000,0.938429,1.000000
349.000000,24.264654,200.000000,200.000000,0.000000,-100.000000,0.938252,1.000000
350.000000,24.263702,200.000000,200.000000,0.000000,-100.000000,0.938075,1.000000
351.000000,24.262752,200.000000,200.000000,0.000000,-100.000000,0.937898,1.000000
352.000000,24.261804,200.000000,200.000000,0.000000,-100.000000,0.937721,1.000000
353.000000,24.260858,200.000000,200.000000,0.000000,-100.000000,0.937544,1.000000
354.000000,24.259914,200.000000,200.000000,0.000000,-100.000000,0.937367,1.000000
355.000000,24.258973,200.000000,200.000000,0.000000,-100.000000,0.937190,1.000000
356.000000,24.258034,200.000000,200.000000,0.000000,-100.000000,0.937013,1.000000
357.000000,24.257096,200.000000,200.000000,0.000000,-100.000000,0.936837,1.000000
358.000000,24.256161,200.000000,200.000000,0.000000,-100.000000,0.936660,1.000000
359.000000,24.255228,200.000000,200.000000,0.000000,-100.000000,0.936483,1.000000
360.000000,25.072843,200.000000,-39.705700,239.705700,139.705700,0.936518,0.999788
361.000000,25.050481,200.000000,-30.234902,230.234902,130.234902,0.936545,0.999584
362.000000,25.050945,200.000000,-28.217154,228.217154,128.217154,0.936569,0.999382
363.000000,25.050823,200.000000,-26.006940,226.006940,126.006940,0.936593,0.999182
364.000000,25.050716,200.000000,-23.843682,223.843682,123.843682,0.936614,0.998984
365.000000,25.050605,200.000000,-21.719313,221.719313,121.719313,0.936633,0.998788
366.000000,25.050492,200.000000,-19.633426,219.633426,119.633426,0.936650,0.998594
367.000000,25.050375,200.000000,-17.585387,217.585387,117.585387,0.936666,0.998401
368.000000,25.050256,200.000000,-15.574577,215.574577,115.574577,0.936680,0.998211
369.000000,25.050134,200.000000,-13.600385,213.600385,113.600385,0.936692,0.998022
370.000000,25.050009,200.000000,-11.662207,211.662207,111.662207,0.936702,0.997835
371.000000,25.049881,200.000000,-9.759447,209.759447,109.759447,0.936710,0.997649
372.000000,25.049750,200.000000,-7.891516,207.891516,107.891516,0.936717,0.997465
373.000000,25.049616,200.000000,-6.057833,206.057833,106.057833,0.936723,0.997283
374.000000,25.049480,200.000000,-4.257825,204.257825,104.257825,0.936727,0.997102
375.000000,25.049341,200.000000,-2.490927,202.490927,102.490927,0.936729,0.996923
376.000000,25.049199,200.000000,-0.756579,200.756579,100.756579,0.936729,0.996745
377.000000,25.049054,200.000000,0.945769,199.054231,99.054231,0.936729,0.996569
378.000000,25.048904,200.000000,2.615693,197.384307,97.384307,0.936726,0.996395
379.000000,25.048743,200.000000,4.252595,195.747405,95.747405,0.936723,0.996222
380.000000,25.048574,200.000000,5.857330,194.142670,94.142670,0.936717,0.996050
381.000000,25.048396,200.000000,7.430532,192.569468,92.569468,0.936711,0.995879
382.000000,25.048209,200.000000,8.972824,191.027176,91.027176,0.936703,0.995710
383.000000,25.048015,200.000000,10.484820,189.515180,89.515180,0.936694,0.995543
384.000000,25.047813,200.000000,11.967118,188.032882,88.032882,0.936683,0.995376
385.000000,25.047603,200.000000,13.420307,186.579693,86.579693,0.936671,0.995211
386.000000,25.047387,200.000000,14.844964,185.155036,85.155036,0.936658,0.995048
387.000000,25.047164,200.000000,16.241652,183.758348,83.758348,0.936644,0.994885
388.000000,25.046935,200.000000,17.610927,182.389073,82.389073,0.936628,0.994724
389.000000,25.046699,200.000000,18.953330,181.046670,81.046670,0.936611,0.994564
390.000000,25.046458,200.000000,20.269394,179.730606,79.730606,0.936593,0.994405
391.000000,25.046211,200.000000,21.559640,178.440360,78.440360,0.936574,0.994247
392.000000,25.045959,200.000000,22.824578,177.175422,77.175422,0.936554,0.994090
393.000000,25.045701,200.000000,24.064710,175.935290,75.935290,0.936533,0.993934
394.000000,25.045439,200.000000,25.280527,174.719473,74.719473,0.936510,0.993780
395.000000,25.045172,200.000000,26.472509,173.527491,73.527491,0.936487,0.993626
396.000000,25.044900,200.000000,27.641129,172.358871,72.358871,0.936463,0.993474
397.000000,25.044624,200.000000,28.786848,171.213152,71.213152,0.936437,0.993322
398.000000,25.044344,200.000000,29.910120,170.089880,70.089880,0.936411,0.993172
399.000000,25.044060,200.000000,31.011388,168.988612,68.988612,0.936383,0.993022
400.000000,25.043773,200.000000,32.091088,167.908912,67.908912,0.936355,0.992874
401.000000,25.043482,200.000000,33.149647,166.850353,66.850353,0.936325,0.992726
402.000000,25.043187,200.000000,34.187482,165.812518,65.812518,0.936295,0.992579
403.000000,25.042889,200.000000,35.205003,164.794997,64.794997,0.936264,0.992434
404.000000,25.042588,200.000000,36.202613,163.797387,63.797387,0.936232,0.992289
405.000000,25.042284,200.000000,37.180705,162.819295,62.819295,0.936199,0.992145
406.000000,25.041977,200.000000,38.139665,161.860335,61.860335,0.936165,0.992002
407.000000,25.041667,200.000000,39.079871,160.920129,60.920129,0.936131,0.991859
408.000000,25.041355,200.000000,40.001694,159.998306,59.998306,0.936095,0.991718
409.000000,25.041040,200.000000,40.905498,159.094502,59.094502,0.936059,0.991577
410.000000,25.040723,200.000000,41.791638,158.208362,58.208362,0.936022,0.991437
411.000000,25.040404,200.000000,42.660465,157.339535,57.339535,0.935985,0.991298
412.000000,25.040082,200.000000,43.512319,156.487681,56.487681,0.935946,0.991159
413.000000,25.039759,200.000000,44.347538,155.652462,55.652462,0.935907,0.991022
414.000000,25.039433,200.000000,45.166448,154.833552,54.833552,0.935867,0.990885
415.000000,25.039106,200.000000,45.969374,154.030626,54.030626,0.935826,0.990748
416.000000,25.038776,200.000000,46.756631,153.243369,53.243369,0.935785,0.990613
417.000000,25.038445,200.000000,47.528528,152.471472,52.471472,0.935743,0.990478
418.000000,25.038113,200.000000,48.285369,151.714631,51.714631,0.935700,0.990344
419.000000,25.037779,200.000000,49.027451,150.972549,50.972549,0.935657,0.990210
420.000000,25.037443,200.000000,49.755067,150.244933,50.244933,0.935613,0.990077
421.000000,25.037106,200.000000,50.468502,149.531498,49.531498,0.935568,0.989945
422.000000,25.036768,200.000000,51.167767,148.832233,48.832233,0.935523,0.989813
423.000000,25.036431,200.000000,51.853039,148.146961,48.146961,0.935477,0.989682
424.000000,25.036092,200.000000,52.524974,147.475026,47.475026,0.935430,0.989552
425.000000,25.035752,200.000000,53.183824,146.816176,46.816176,0.935383,0.989422
426.000000,25.035411,200.000000,53.829849,146.170151,46.170151,0.935336,0.989293
427.000000,25.035069,200.000000,54.463303,145.536697,45.536697,0.935288,0.989164
428.000000,25.034726,200.000000,55.084432,144.915568,44.915568,0.935239,0.989036
429.000000,25.034382,200.000000,55.693482,144.306518,44.306518,0.935190,0.988908
430.000000,25.034037,200.000000,56.290690,143.709310,43.709310,0.935140,0.988781
431.000000,25.033691,200.000000,56.876290,143.123710,43.123710,0.935090,0.988654
432.000000,25.033345,200.000000,57.450512,142.549488,42.549488,0.935039,0.988528
433.000000,25.032998,200.000000,58.013580,141.986420,41.986420,0.934987,0.988403
434.000000,25.032649,200.000000,58.565715,141.434285,41.434285,0.934936,0.988277
435.000000,25.032301,200.000000,59.107132,140.892868,40.892868,0.934883,0.988153
436.000000,25.031951,200.000000,59.638043,140.361957,40.361957,0.934831,0.988029
437.000000,25.031601,200.000000,60.158655,139.841345,39.841345,0.934777,0.987905
438.000000,25.031251,200.000000,60.669173,139.330827,39.330827,0.934724,0.987782
439.000000,25.030899,200.000000,61.169794,138.830206,38.830206,0.934670,0.987659
440.000000,25.030548,200.000000,61.660714,138.339286,38.339286,0.934615,0.987536
441.000000,25.030196,200.000000,62.142126,137.857874,37.857874,0.934560,0.987415
442.000000,25.029843,200.000000,62.614216,137.385784,37.385784,0.934505,0.987293
443.000000,25.029490,200.000000,63.077169,136.922831,36.922831,0.934449,0.987172
444.000000,25.029136,200.000000,63.531165,136.468835,36.468835,0.934393,0.987051
445.000000,25.028782,200.000000,63.976380,136.023620,36.023620,0.934336,0.986931
446.000000,25.028428,200.000000,64.412989,135.587011,35.587011,0.934279,0.986811
447.000000,25.028073,200.000000,64.841161,135.158839,35.158839,0.934222,0.986691
448.000000,25.027718,200.000000,65.261062,134.738938,34.738938,0.934164,0.986572
449.000000,25.027363,200.000000,65.672856,134.327144,34.327144,0.934106,0.986453
450.000000,25.027008,200.000000,66.076702,133.923298,33.923298,0.934047,0.986335
451.000000,25.026652,200.000000,66.472758,133.527242,33.527242,0.933989,0.986217
452.000000,25.026296,200.000000,66.861177,133.138823,33.138823,0.933929,0.986099
453.000000,25.025939,200.000000,67.242110,132.757890,32.757890,0.933870,0.985981
454.000000,25.025583,200.000000,67.615705,132.384295,32.384295,0.933810,0.985864
455.000000,25.025226,200.000000,67.982105,132.017895,32.017895,0.933750,0.985748
456.000000,25.024869,200.000000,68.341455,131.658545,31.658545,0.933690,0.985631
457.000000,25.024512,200.000000,68.693891,131.306109,31.306109,0.933629,0.985515
458.000000,25.024155,200.000000,69.039552,130.960448,30.960448,0.933568,0.985399
459.000000,25.023798,200.000000,69.378569,130.621431,30.621431,0.933506,0.985283
460.000000,25.023440,200.000000,69.711076,130.288924,30.288924,0.933445,0.985168
461.000000,25.023082,200.000000,70.037199,129.962801,29.962801,0.933383,0.985053
462.000000,25.022725,200.000000,70.357065,129.642935,29.642935,0.933320,0.984939
463.000000,25.022367,200.000000,70.670797,129.329203,29.329203,0.933258,0.984824
464.000000,25.022009,200.000000,70.978516,129.021484,29.021484,0.933195,0.984710
465.000000,25.021651,200.000000,71.280341,128.719659,28.719659,0.933132,0.984596
466.000000,25.021293,200.000000,71.576388,128.423612,28.423612,0.933069,0.984483
467.000000,25.020935,200.000000,71.866771,128.133229,28.133229,0.933005,0.984369
468.000000,25.020576,200.000000,72.151601,127.848399,27.848399,0.932941,0.984256
469.000000,25.020218,200.000000,72.430989,127.569011,27.569011,0.932877,0.984143
470.000000,25.019860,200.000000,72.705041,127.294959,27.294959,0.932813,0.984031
471.000000,25.019501,200.000000,72.973862,127.026138,27.026138,0.932748,0.983918
472.000000,25.019143,200.000000,73.237556,126.762444,26.762444,0.932684,0.983806
473.000000,25.018784,200.000000,73.496224,126.503776,26.503776,0.932619,0.983694
474.000000,25.018426,200.000000,73.749965,126.250035,26.250035,0.932553,0.983583
475.000000,25.018067,200.000000,73.998876,126.001124,26.001124,0.932488,0.983471
476.000000,25.017709,200.000000,74.243052,125.756948,25.756948,0.932422,0.983360
477.000000,25.017351,200.000000,74.482586,125.517414,25.517414,0.932356,0.983249
478.000000,25.016992,200.000000,74.717571,125.282429,25.282429,0.932290,0.983138
479.000000,25.016634,200.000000,74.948095,125.051905,25.051905,0.932224,0.983027
480.000000,25.016275,200.000000,75.174247,124.825753,24.825753,0.932157,0.982917
481.000000,25.015917,200.000000,75.396112,124.603888,24.603888,0.932091,0.982807
482.000000,25.015558,200.000000,75.613775,124.386225,24.386225,0.932024,0.982697
483.000000,25.015200,200.000000,75.827320,124.172680,24.172680,0.931957,0.982587
484.000000,25.014841,200.000000,76.036826,123.963174,23.963174,0.931889,0.982477
485.000000,25.014483,200.000000,76.242375,123.757625,23.757625,0.931822,0.982368
486.000000,25.014125,200.000000,76.444043,123.555957,23.555957,0.931754,0.982258
487.000000,25.013766,200.000000,76.641906,123.358094,23.358094,0.931687,0.982149
488.000000,25.013408,200.000000,76.836041,123.163959,23.163959,0.931619,0.982040
489.000000,25.013050,200.000000,77.026521,122.973479,22.973479,0.931550,0.981931
490.000000,25.012692,200.000000,77.213417,122.786583,22.786583,0.931482,0.981823
491.000000,25.012334,200.000000,77.396800,122.603200,22.603200,0.931414,0.981714
492.000000,25.011975,200.000000,77.576739,122.423261,22.423261,0.931345,0.981606
493.000000,25.011617,200.000000,77.753302,122.246698,22.246698,0.931276,0.981498
494.000000,25.011259,200.000000,77.926556,122.073444,22.073444,0.931207,0.981390
495.000000,25.010901,200.000000,78.096566,121.903434,21.903434,0.931138,0.981282
496.000000,25.010543,200.000000,78.263395,121.736605,21.736605,0.931069,0.981174
497.000000,25.010186,200.000000,78.427106,121.572894,21.572894,0.931000,0.981067
498.000000,25.009828,200.000000,78.587761,121.412239,21.412239,0.930930,0.980959
499.000000,25.009470,200.000000,78.745420,121.254580,21.254580,0.930860,0.980852
500.000000,25.009112,200.000000,78.900141,121.099859,21.099859,0.930791,0.980745
501.000000,25.008755,200.000000,79.051983,120.948017,20.948017,0.930721,0.980638
502.000000,25.008397,200.000000,79.201003,120.798997,20.798997,0.930651,0.980531
503.000000,25.008039,200.000000,79.347255,120.652745,20.652745,0.930580,0.980424
504.000000,25.007682,200.000000,79.490794,120.509206,20.509206,0.930510,0.980318
505.000000,25.007325,200.000000,79.631674,120.368326,20.368326,0.930440,0.980211
506.000000,25.006967,200.000000,79.769947,120.230053,20.230053,0.930369,0.980105
507.000000,25.006610,200.000000,79.905664,120.094336,20.094336,0.930298,0.979999
508.000000,25.006253,200.000000,80.038869,119.961131,19.961131,0.930228,0.979893
509.000000,25.005897,200.000000,80.169044,119.830956,19.830956,0.930157,0.979787
510.000000,25.005542,200.000000,80.296832,119.703168,19.703168,0.930086,0.979681
511.000000,25.005187,200.000000,80.422265,119.577735,19.577735,0.930015,0.979575
512.000000,25.004832,200.000000,80.545391,119.454609,19.454609,0.929943,0.979469
513.000000,25.004478,200.000000,80.666725,119.333275,19.333275,0.929872,0.979364
514.000000,25.004125,200.000000,80.785946,119.214054,19.214054,0.929800,0.979258
515.000000,25.003772,200.000000,80.902985,119.097015,19.097015,0.929729,0.979153
516.000000,25.003420,200.000000,81.017888,118.982112,18.982112,0.929657,0.979048
517.000000,25.003067,200.000000,81.130696,118.869304,18.869304,0.929585,0.978942
518.000000,25.002714,200.000000,81.241451,118.758549,18.758549,0.929514,0.978837
519.000000,25.002361,200.000000,81.350192,118.649808,18.649808,0.929442,0.978732
520.000000,25.002009,200.000000,81.456961,118.543039,18.543039,0.929370,0.978628
521.000000,25.001656,200.000000,81.561795,118.438205,18.438205,0.929297,0.978523
522.000000,25.001304,200.000000,81.664732,118.335268,18.335268,0.929225,0.978418
523.000000,25.000951,200.000000,81.765809,118.234191,18.234191,0.929153,0.978314
524.000000,25.000599,200.000000,81.865064,118.134936,18.134936,0.929080,0.978209
525.000000,25.000246,200.000000,81.962532,118.037468,18.037468,0.929008,0.978105
526.000000,24.999894,200.000000,82.058248,117.941752,17.941752,0.928935,0.978000
527.000000,24.999542,200.000000,82.152247,117.847753,17.847753,0.928863,0.977896
528.000000,24.999190,200.000000,82.244562,117.755438,17.755438,0.928790,0.977792
529.000000,24.998838,200.000000,82.335226,117.664774,17.664774,0.928717,0.977688
530.000000,24.998486,200.000000,82.424272,117.575728,17.575728,0.928644,0.977584
531.000000,24.998134,200.000000,82.511731,117.488269,17.488269,0.928571,0.977480
532.000000,24.997782,200.000000,82.597635,117.402365,17.402365,0.928498,0.977376
533.000000,24.997430,200.000000,82.682014,117.317986,17.317986,0.928425,0.977272
534.000000,24.997078,200.000000,82.764898,117.235102,17.235102,0.928352,0.977168
535.000000,24.996726,200.000000,82.846317,117.153683,17.153683,0.928278,0.977065
536.000000,24.996374,200.000000,82.926299,117.073701,17.073701,0.928205,0.976961
537.000000,24.996023,200.000000,83.004872,116.995128,16.995128,0.928132,0.976858
538.000000,24.995671,200.000000,83.082065,116.917935,16.917935,0.928058,0.976754
539.000000,24.995320,200.000000,83.157904,116.842096,16.842096,0.927985,0.976651
540.000000,24.994968,200.000000,83.232415,116.767585,16.767585,0.927911,0.976548
541.000000,24.994617,200.000000,83.305625,116.694375,16.694375,0.927837,0.976444
542.000000,24.994265,200.000000,83.377560,116.622440,16.622440,0.927763,0.976341
543.000000,24.993914,200.000000,83.448243,116.551757,16.551757,0.927690,0.976238
544.000000,24.993563,200.000000,83.517701,116.482299,16.482299,0.927616,0.976135
545.000000,24.993211,200.000000,83.585957,116.414043,16.414043,0.927542,0.976032
546.000000,24.992860,200.000000,83.653034,116.346966,16.346966,0.927468,0.975929
547.000000,24.992509,200.000000,83.718955,116.281045,16.281045,0.927394,0.975826
548.000000,24.992158,200.000000,83.783744,116.216256,16.216256,0.927320,0.975724
549.000000,24.991807,200.000000,83.847422,116.152578,16.152578,0.927245,0.975621
550.000000,24.991456,200.000000,83.910012,116.089988,16.089988,0.927171,0.975518
551.000000,24.991105,200.000000,83.971534,116.028466,16.028466,0.927097,0.975415
552.000000,24.990754,200.000000,84.032009,115.967991,15.967991,0.927023,0.975313
553.000000,24.990403,200.000000,84.091459,115.908541,15.908541,0.926948,0.975210
554.000000,24.990052,200.000000,84.149902,115.850098,15.850098,0.926874,0.975108
555.000000,24.989702,200.000000,84.207359,115.792641,15.792641,0.926799,0.975005
556.000000,24.989351,200.000000,84.263850,115.736150,15.736150,0.926725,0.974903
557.000000,24.989000,200.000000,84.319392,115.680608,15.680608,0.926650,0.974801
558.000000,24.988650,200.000000,84.374005,115.625995,15.625995,0.926576,0.974698
559.000000,24.988299,200.000000,84.427707,115.572293,15.572293,0.926501,0.974596
560.000000,24.987949,200.000000,84.480515,115.519485,15.519485,0.926426,0.974494
561.000000,24.987598,200.000000,84.532448,115.467552,15.467552,0.926351,0.974392
562.000000,24.987248,200.000000,84.583522,115.416478,15.416478,0.926276,0.974290
563.000000,24.986897,200.000000,84.633754,115.366246,15.366246,0.926202,0.974188
564.000000,24.986547,200.000000,84.683160,115.316840,15.316840,0.926127,0.974086
565.000000,24.986196,200.000000,84.731757,115.268243,15.268243,0.926052,0.973984
566.000000,24.985846,200.000000,84.779561,115.220439,15.220439,0.925977,0.973882
567.000000,24.985496,200.000000,84.826587,115.173413,15.173413,0.925902,0.973780
568.000000,24.985146,200.000000,84.872850,115.127150,15.127150,0.925827,0.973678
569.000000,24.984796,200.000000,84.918365,115.081635,15.081635,0.925752,0.973576
570.000000,24.984445,200.000000,84.963147,115.036853,15.036853,0.925676,0.973474
571.000000,24.984095,200.000000,85.007210,114.992790,14.992790,0.925601,0.973373
572.000000,24.983745,200.000000,85.050568,114.949432,14.949432,0.925526,0.973271
573.000000,24.983395,200.000000,85.093236,114.906764,14.906764,0.925451,0.973169
574.000000,24.983045,200.000000,85.135225,114.864775,14.864775,0.925375,0.973068
575.000000,24.982695,200.000000,85.176551,114.823449,14.823449,0.925300,0.972966
576.000000,24.982345,200.000000,85.217225,114.782775,14.782775,0.925225,0.972865
577.000000,24.981995,200.000000,85.257260,114.742740,14.742740,0.925149,0.972763
578.000000,24.981646,200.000000,85.296670,114.703330,14.703330,0.925074,0.972662
579.000000,24.981296,200.000000,85.335465,114.664535,14.664535,0.924998,0.972560
580.000000,24.980946,200.000000,85.373659,114.626341,14.626341,0.924923,0.972459
581.000000,24.980596,200.000000,85.411262,114.588738,14.588738,0.924847,0.972357
582.000000,24.980246,200.000000,85.448287,114.551713,14.551713,0.924772,0.972256
583.000000,24.979897,200.000000,85.484744,114.515256,14.515256,0.924696,0.972155
584.000000,24.979547,200.000000,85.520645,114.479355,14.479355,0.924620,0.972053
585.000000,24.979197,200.000000,85.556001,114.443999,14.443999,0.924545,0.971952
586.000000,24.978848,200.000000,85.590821,114.409179,14.409179,0.924469,0.971851
587.000000,24.978498,200.000000,85.625118,114.374882,14.374882,0.924393,0.971750
588.000000,24.978149,200.000000,85.658900,114.341100,14.341100,0.924317,0.971649
589.000000,24.977799,200.000000,85.692178,114.307822,14.307822,0.924242,0.971548
590.000000,24.977450,200.000000,85.724962,114.275038,14.275038,0.924166,0.971446
591.000000,24.977100,200.000000,85.757261,114.242739,14.242739,0.924090,0.971345
592.000000,24.976751,200.000000,85.789085,114.210915,14.210915,0.924014,0.971244
593.000000,24.976402,200.000000,85.820442,114.179558,14.179558,0.923938,0.971143
594.000000,24.976052,200.000000,85.851343,114.148657,14.148657,0.923862,0.971042
595.000000,24.975703,200.000000,85.881796,114.118204,14.118204,0.923786,0.970941
596.000000,24.975354,200.000000,85.911810,114.088190,14.088190,0.923710,0.970841
597.000000,24.975004,200.000000,85.941392,114.058608,14.058608,0.923634,0.970740
598.000000,24.974655,200.000000,85.970553,114.029447,14.029447,0.923558,0.970639
599.000000,24.974306,200.000000,85.999299,114.000701,14.000701,0.923482,0.970538
600.000000,24.973957,200.000000,86.027639,113.972361,13.972361,0.923406,0.970437
601.000000,24.973607,200.000000,86.055581,113.944419,13.944419,0.923330,0.970336
602.000000,24.973258,200.000000,86.083132,113.916868,13.916868,0.923254,0.970235
603.000000,24.972909,200.000000,86.110301,113.889699,13.889699,0.923177,0.970135
604.000000,24.972560,200.000000,86.137094,113.862906,13.862906,0.923101,0.970034
605.000000,24.972211,200.000000,86.163519,113.836481,13.836481,0.923025,0.969933
606.000000,24.971863,200.000000,86.189180,113.810820,13.810820,0.922949,0.969833
607.000000,24.971516,200.000000,86.214296,113.785704,13.785704,0.922872,0.969732
608.000000,24.971169,200.000000,86.239076,113.760924,13.760924,0.922796,0.969631
609.000000,24.970822,200.000000,86.263522,113.736478,13.736478,0.922720,0.969531
610.000000,24.970475,200.000000,86.287640,113.712360,13.712360,0.922643,0.969430
611.000000,24.970128,200.000000,86.311436,113.688564,13.688564,0.922567,0.969330
612.000000,24.969781,200.000000,86.334918,113.665082,13.665082,0.922491,0.969229
613.000000,24.969435,200.000000,86.358090,113.641910,13.641910,0.922414,0.969128
614.000000,24.969088,200.000000,86.380959,113.619041,13.619041,0.922338,0.969028
615.000000,24.968741,200.000000,86.403531,113.596469,13.596469,0.922261,0.968927
616.000000,24.968394,200.000000,86.425812,113.574188,13.574188,0.922185,0.968827
617.000000,24.968047,200.000000,86.447807,113.552193,13.552193,0.922109,0.968727
618.000000,24.967701,200.000000,86.469521,113.530479,13.530479,0.922032,0.968626
619.000000,24.967354,200.000000,86.490961,113.509039,13.509039,0.921956,0.968526
620.000000,24.967007,200.000000,86.512131,113.487869,13.487869,0.921879,0.968425
621.000000,24.966660,200.000000,86.533037,113.466963,13.466963,0.921802,0.968325
622.000000,24.966314,200.000000,86.553684,113.446316,13.446316,0.921726,0.968225
623.000000,24.965967,200.000000,86.574077,113.425923,13.425923,0.921649,0.968124
624.000000,24.965620,200.000000,86.594220,113.405780,13.405780,0.921573,0.968024
625.000000,24.965274,200.000000,86.614118,113.385882,13.385882,0.921496,0.967924
626.000000,24.964927,200.000000,86.633777,113.366223,13.366223,0.921419,0.967823
627.000000,24.964580,200.000000,86.653201,113.346799,13.346799,0.921343,0.967723
628.000000,24.964234,200.000000,86.672395,113.327605,13.327605,0.921266,0.967623
629.000000,24.963887,200.000000,86.691362,113.308638,13.308638,0.921189,0.967523
630.000000,24.963541,200.000000,86.710107,113.289893,13.289893,0.921113,0.967422
631.000000,24.963194,200.000000,86.728635,113.271365,13.271365,0.921036,0.967322
632.000000,24.962848,200.000000,86.746949,113.253051,13.253051,0.920959,0.967222
633.000000,24.962501,200.000000,86.765054,113.234946,13.234946,0.920883,0.967122
634.000000,24.962155,200.000000,86.782954,113.217046,13.217046,0.920806,0.967022
635.000000,24.961808,200.000000,86.800653,113.199347,13.199347,0.920729,0.966921
636.000000,24.961462,200.000000,86.818154,113.181846,13.181846,0.920652,0.966821
637.000000,24.961115,200.000000,86.835462,113.164538,13.164538,0.920575,0.966721
638.000000,24.960769,200.000000,86.852580,113.147420,13.147420,0.920498,0.966621
639.000000,24.960422,200.000000,86.869512,113.130488,13.130488,0.920422,0.966521
640.000000,24.960076,200.000000,86.886261,113.113739,13.113739,0.920345,0.966421
641.000000,24.959730,200.000000,86.902831,113.097169,13.097169,0.920268,0.966321
642.000000,24.959383,200.000000,86.919225,113.080775,13.080775,0.920191,0.966221
643.000000,24.959037,200.000000,86.935446,113.064554,13.064554,0.920114,0.966121
644.000000,24.958691,200.000000,86.951499,113.048501,13.048501,0.920037,0.966021
645.000000,24.958344,200.000000,86.967386,113.032614,13.032614,0.919960,0.965921
646.000000,24.957999,200.000000,86.983459,113.016541,13.016541,0.919883,0.965821
647.000000,24.957655,200.000000,86.999687,113.000313,13.000313,0.919806,0.965721
648.000000,24.957311,200.000000,87.015744,112.984256,12.984256,0.919729,0.965621
649.000000,24.956967,200.000000,87.031641,112.968359,12.968359,0.919652,0.965521
650.000000,24.956623,200.000000,87.047381,112.952619,12.952619,0.919575,0.965421
651.000000,24.956279,200.000000,87.062967,112.937033,12.937033,0.919498,0.965321
652.000000,24.955935,200.000000,87.078401,112.921599,12.921599,0.919421,0.965221
653.000000,24.955591,200.000000,87.093688,112.906312,12.906312,0.919344,0.965121
654.000000,24.955247,200.000000,87.108829,112.891171,12.891171,0.919267,0.965022
655.000000,24.954903,200.000000,87.123827,112.876173,12.876173,0.919190,0.964922
656.000000,24.954559,200.000000,87.138686,112.861314,12.861314,0.919113,0.964822
657.000000,24.954215,200.000000,87.153407,112.846593,12.846593,0.919036,0.964722
658.000000,24.953872,200.000000,87.167993,112.832007,12.832007,0.918959,0.964622
659.000000,24.953528,200.000000,87.182448,112.817552,12.817552,0.918882,0.964522
660.000000,24.953184,200.000000,87.196773,112.803227,12.803227,0.918805,0.964423
661.000000,24.952840,200.000000,87.210970,112.789030,12.789030,0.918727,0.964323
662.000000,24.952496,200.000000,87.225043,112.774957,12.774957,0.918650,0.964223
663.000000,24.952152,200.000000,87.238994,112.761006,12.761006,0.918573,0.964123
664.000000,24.951808,200.000000,87.252824,112.747176,12.747176,0.918496,0.964024
665.000000,24.951465,200.000000,87.266537,112.733463,12.733463,0.918419,0.963924
666.000000,24.951121,200.000000,87.280134,112.719866,12.719866,0.918341,0.963824
667.000000,24.950777,200.000000,87.293618,112.706382,12.706382,0.918264,0.963724
668.000000,24.950433,200.000000,87.306990,112.693010,12.693010,0.918187,0.963625
669.000000,24.950089,200.000000,87.320254,112.679746,12.679746,0.918110,0.963525
670.000000,24.949746,200.000000,87.333410,112.666590,12.666590,0.918033,0.963425
671.000000,24.949402,200.000000,87.346461,112.653539,12.653539,0.917955,0.963326
672.000000,24.949058,200.000000,87.359410,112.640590,12.640590,0.917878,0.963226
673.000000,24.948714,200.000000,87.372257,112.627743,12.627743,0.917801,0.963126
674.000000,24.948371,200.000000,87.385004,112.614996,12.614996,0.917723,0.963027
675.000000,24.948027,200.000000,87.397655,112.602345,12.602345,0.917646,0.962927
676.000000,24.947683,200.000000,87.410210,112.589790,12.589790,0.917569,0.962828
677.000000,24.947340,200.000000,87.422671,112.577329,12.577329,0.917491,0.962728
678.000000,24.946996,200.000000,87.435040,112.564960,12.564960,0.917414,0.962628
679.000000,24.946652,200.000000,87.447319,112.552681,12.552681,0.917337,0.962529
680.000000,24.946309,200.000000,87.459509,112.540491,12.540491,0.917259,0.962429
681.000000,24.945965,200.000000,87.471612,112.528388,12.528388,0.917182,0.962330
682.000000,24.945621,200.000000,87.483630,112.516370,12.516370,0.917105,0.962230
683.000000,24.945278,200.000000,87.495564,112.504436,12.504436,0.917027,0.962131
684.000000,24.944934,200.000000,87.507416,112.492584,12.492584,0.916950,0.962031
685.000000,24.944590,200.000000,87.519187,112.480813,12.480813,0.916872,0.961932
686.000000,24.944247,200.000000,87.530879,112.469121,12.469121,0.916795,0.961832
687.000000,24.943903,200.000000,87.542494,112.457506,12.457506,0.916717,0.961733
688.000000,24.943560,200.000000,87.554032,112.445968,12.445968,0.916640,0.961633
689.000000,24.943216,200.000000,87.565496,112.434504,12.434504,0.916562,0.961534
690.000000,24.942872,200.000000,87.576886,112.423114,12.423114,0.916485,0.961434
691.000000,24.942529,200.000000,87.588203,112.411797,12.411797,0.916408,0.961335
692.000000,24.942185,200.000000,87.599451,112.400549,12.400549,0.916330,0.961235
693.000000,24.941842,200.000000,87.610628,112.389372,12.389372,0.916253,0.961136
694.000000,24.941498,200.000000,87.621738,112.378262,12.378262,0.916175,0.961037
695.000000,24.941155,200.000000,87.632780,112.367220,12.367220,0.916097,0.960937
696.000000,24.940811,200.000000,87.643757,112.356243,12.356243,0.916020,0.960838
697.000000,24.940468,200.000000,87.654670,112.345330,12.345330,0.915942,0.960738
698.000000,24.940124,200.000000,87.665519,112.334481,12.334481,0.915865,0.960639
699.000000,24.939781,200.000000,87.676306,112.323694,12.323694,0.915787,0.960540
700.000000,24.939437,200.000000,87.687032,112.312968,12.312968,0.915710,0.960440
701.000000,24.939094,200.000000,87.697698,112.302302,12.302302,0.915632,0.960341
702.000000,24.938750,200.000000,87.708305,112.291695,12.291695,0.915555,0.960242
703.000000,24.938407,200.000000,87.718854,112.281146,12.281146,0.915477,0.960142
704.000000,24.938063,200.000000,87.729347,112.270653,12.270653,0.915399,0.960043
705.000000,24.937720,200.000000,87.739784,112.260216,12.260216,0.915322,0.959944
706.000000,24.937378,200.000000,87.749796,112.250204,12.250204,0.915244,0.959844
707.000000,24.937036,200.000000,87.759483,112.240517,12.240517,0.915166,0.959745
708.000000,24.936695,200.000000,87.769131,112.230869,12.230869,0.915089,0.959646
709.000000,24.936354,200.000000,87.778734,112.221266,12.221266,0.915011,0.959547
710.000000,24.936013,200.000000,87.788292,112.211708,12.211708,0.914934,0.959447
711.000000,24.935671,200.000000,87.797807,112.202193,12.202193,0.914856,0.959348
712.000000,24.935330,200.000000,87.807279,112.192721,12.192721,0.914778,0.959249
713.000000,24.934989,200.000000,87.816709,112.183291,12.183291,0.914700,0.959149
714.000000,24.934648,200.000000,87.826098,112.173902,12.173902,0.914623,0.959050
715.000000,24.934307,200.000000,87.835446,112.164554,12.164554,0.914545,0.958951
716.000000,24.933965,200.000000,87.844755,112.155245,12.155245,0.914467,0.958852
717.000000,24.933624,200.000000,87.854024,112.145976,12.145976,0.914390,0.958753
718.000000,24.933283,200.000000,87.863255,112.136745,12.136745,0.914312,0.958653
719.000000,24.932942,200.000000,87.872448,112.127552,12.127552,0.914234,0.958554
720.000000,24.932601,200.000000,87.881603,112.118397,12.118397,0.914156,0.958455
721.000000,24.932260,200.000000,87.890723,112.109277,12.109277,0.914079,0.958356
722.000000,24.931918,200.000000,87.899806,112.100194,12.100194,0.914001,0.958257
723.000000,24.931577,200.000000,87.908855,112.091145,12.091145,0.913923,0.958158
724.000000,24.931236,200.000000,87.917868,112.082132,12.082132,0.913845,0.958058
725.000000,24.930895,200.000000,87.926848,112.073152,12.073152,0.913768,0.957959
726.000000,24.930554,200.000000,87.935795,112.064205,12.064205,0.913690,0.957860
727.000000,24.930213,200.000000,87.944708,112.055292,12.055292,0.913612,0.957761
728.000000,24.929872,200.000000,87.953589,112.046411,12.046411,0.913534,0.957662
729.000000,24.929530,200.000000,87.962439,112.037561,12.037561,0.913456,0.957563
730.000000,24.929189,200.000000,87.971258,112.028742,12.028742,0.913379,0.957464
731.000000,24.928848,200.000000,87.980045,112.019955,12.019955,0.913301,0.957365
732.000000,24.928507,200.000000,87.988803,112.011197,12.011197,0.913223,0.957265
733.000000,24.928166,200.000000,87.997531,112.002469,12.002469,0.913145,0.957166
734.000000,24.927825,200.000000,88.006230,111.993770,11.993770,0.913067,0.957067
735.000000,24.927484,200.000000,88.014901,111.985099,11.985099,0.912989,0.956968
736.000000,24.927143,200.000000,88.023543,111.976457,11.976457,0.912911,0.956869
737.000000,24.926802,200.000000,88.032158,111.967842,11.967842,0.912834,0.956770
738.000000,24.926461,200.000000,88.040745,111.959255,11.959255,0.912756,0.956671
739.000000,24.926120,200.000000,88.049306,111.950694,11.950694,0.912678,0.956572
740.000000,24.925779,200.000000,88.057841,111.942159,11.942159,0.912600,0.956473
741.000000,24.925438,200.000000,88.066349,111.933651,11.933651,0.912522,0.956374
742.000000,24.925096,200.000000,88.074833,111.925167,11.925167,0.912444,0.956275
743.000000,24.924755,200.000000,88.083291,111.916709,11.916709,0.912366,0.956176
744.000000,24.924414,200.000000,88.091725,111.908275,11.908275,0.912288,0.956077
745.000000,24.924073,200.000000,88.100134,111.899866,11.899866,0.912210,0.955978
746.000000,24.923732,200.000000,88.108520,111.891480,11.891480,0.912132,0.955879
747.000000,24.923391,200.000000,88.116882,111.883118,11.883118,0.912054,0.955780
748.000000,24.923050,200.000000,88.125222,111.874778,11.874778,0.911976,0.955681
749.000000,24.922709,200.000000,88.133539,111.866461,11.866461,0.911898,0.955582
750.000000,24.922368,200.000000,88.141833,111.858167,11.858167,0.911821,0.955483
751.000000,24.922027,200.000000,88.150106,111.849894,11.849894,0.911743,0.955384
752.000000,24.921686,200.000000,88.158357,111.841643,11.841643,0.911665,0.955285
753.000000,24.921345,200.000000,88.166587,111.833413,11.833413,0.911587,0.955186
754.000000,24.921004,200.000000,88.174796,111.825204,11.825204,0.911509,0.955087
755.000000,24.920663,200.000000,88.182984,111.817016,11.817016,0.911431,0.954988
756.000000,24.920322,200.000000,88.191153,111.808847,11.808847,0.911353,0.954890
757.000000,24.919981,200.000000,88.199301,111.800699,11.800699,0.911274,0.954791
758.000000,24.919640,200.000000,88.207430,111.792570,11.792570,0.911196,0.954692
759.000000,24.919299,200.000000,88.215540,111.784460,11.784460,0.911118,0.954593
760.000000,24.918958,200.000000,88.223630,111.776370,11.776370,0.911040,0.954494
761.000000,24.918617,200.000000,88.231702,111.768298,11.768298,0.910962,0.954395
762.000000,24.918276,200.000000,88.239756,111.760244,11.760244,0.910884,0.954296
763.000000,24.917935,200.000000,88.247792,111.752208,11.752208,0.910806,0.954197
764.000000,24.917594,200.000000,88.255809,111.744191,11.744191,0.910728,0.954099
765.000000,24.917254,200.000000,88.263810,111.736190,11.736190,0.910650,0.954000
766.000000,24.916913,200.000000,88.271793,111.728207,11.728207,0.910572,0.953901
767.000000,24.916572,200.000000,88.279758,111.720242,11.720242,0.910494,0.953802
768.000000,24.916231,200.000000,88.287708,111.712292,11.712292,0.910416,0.953703
769.000000,24.915890,200.000000,88.295640,111.704360,11.704360,0.910338,0.953604
770.000000,24.915549,200.000000,88.303557,111.696443,11.696443,0.910260,0.953506
771.000000,24.915208,200.000000,88.311457,111.688543,11.688543,0.910181,0.953407
772.000000,24.914867,200.000000,88.319342,111.680658,11.680658,0.910103,0.953308
773.000000,24.914526,200.000000,88.327211,111.672789,11.672789,0.910025,0.953209
774.000000,24.914185,200.000000,88.335065,111.664935,11.664935,0.909947,0.953110
775.000000,24.913846,200.000000,88.343393,111.656607,11.656607,0.909869,0.953012
776.000000,24.913507,200.000000,88.351922,111.648078,11.648078,0.909791,0.952913
777.000000,24.913169,200.000000,88.360424,111.639576,11.639576,0.909712,0.952814
778.000000,24.912830,200.000000,88.368904,111.631096,11.631096,0.909634,0.952715
779.000000,24.912492,200.000000,88.377363,111.622637,11.622637,0.909556,0.952617
780.000000,24.912153,200.000000,88.385802,111.614198,11.614198,0.909478,0.952518
781.000000,24.911815,200.000000,88.394220,111.605780,11.605780,0.909400,0.952419
782.000000,24.911477,200.000000,88.402617,111.597383,11.597383,0.909322,0.952320
783.000000,24.911138,200.000000,88.410995,111.589005,11.589005,0.909243,0.952222
784.000000,24.910800,200.000000,88.419353,111.580647,11.580647,0.909165,0.952123
785.000000,24.910461,200.000000,88.427692,111.572308,11.572308,0.909087,0.952024
786.000000,24.910123,200.000000,88.436012,111.563988,11.563988,0.909009,0.951926
787.000000,24.909784,200.000000,88.444314,111.555686,11.555686,0.908930,0.951827
788.000000,24.909446,200.000000,88.452597,111.547403,11.547403,0.908852,0.951728
789.000000,24.909107,200.000000,88.460862,111.539138,11.539138,0.908774,0.951629
790.000000,24.908769,200.000000,88.469109,111.530891,11.530891,0.908696,0.951531
791.000000,24.908431,200.000000,88.477338,111.522662,11.522662,0.908617,0.951432
792.000000,24.908092,200.000000,88.485550,111.514450,11.514450,0.908539,0.951334
793.000000,24.907754,200.000000,88.493746,111.506254,11.506254,0.908461,0.951235
794.000000,24.907415,200.000000,88.501924,111.498076,11.498076,0.908383,0.951136
795.000000,24.907077,200.000000,88.510086,111.489914,11.489914,0.908304,0.951038
796.000000,24.906738,200.000000,88.518232,111.481768,11.481768,0.908226,0.950939
797.000000,24.906400,200.000000,88.526362,111.473638,11.473638,0.908148,0.950840
798.000000,24.906062,200.000000,88.534476,111.465524,11.465524,0.908069,0.950742
799.000000,24.905723,200.000000,88.542574,111.457426,11.457426,0.907991,0.950643
800.000000,24.905385,200.000000,88.550657,111.449343,11.449343,0.907913,0.950545
801.000000,24.905046,200.000000,88.558725,111.441275,11.441275,0.907834,0.950446
802.000000,24.904708,200.000000,88.566779,111.433221,11.433221,0.907756,0.950347
803.000000,24.904370,200.000000,88.574817,111.425183,11.425183,0.907678,0.950249
804.000000,24.904031,200.000000,88.582841,111.417159,11.417159,0.907599,0.950150
805.000000,24.903693,200.000000,88.590851,111.409149,11.409149,0.907521,0.950052
806.000000,24.903354,200.000000,88.598847,111.401153,11.401153,0.907442,0.949953
807.000000,24.903017,200.000000,88.606495,111.393505,11.393505,0.907364,0.949855
808.000000,24.902681,200.000000,88.613772,111.386228,11.386228,0.907286,0.949756
809.000000,24.902345,200.000000,88.621052,111.378948,11.378948,0.907207,0.949658
810.000000,24.902009,200.000000,88.628325,111.371675,11.371675,0.907129,0.949559
811.000000,24.901673,200.000000,88.635592,111.364408,11.364408,0.907050,0.949461
812.000000,24.901337,200.000000,88.642853,111.357147,11.357147,0.906972,0.949362
813.000000,24.901001,200.000000,88.650108,111.349892,11.349892,0.906894,0.949263
814.000000,24.900665,200.000000,88.657357,111.342643,11.342643,0.906815,0.949165
815.000000,24.900329,200.000000,88.664600,111.335400,11.335400,0.906737,0.949067
816.000000,24.899993,200.000000,88.671837,111.328163,11.328163,0.906658,0.948968
817.000000,24.899657,200.000000,88.679067,111.320933,11.320933,0.906580,0.948870
818.000000,24.899321,200.000000,88.686292,111.313708,11.313708,0.906501,0.948771
819.000000,24.898985,200.000000,88.693512,111.306488,11.306488,0.906423,0.948673
820.000000,24.898649,200.000000,88.700725,111.299275,11.299275,0.906344,0.948574
821.000000,24.898313,200.000000,88.707933,111.292067,11.292067,0.906266,0.948476
822.000000,24.897977,200.000000,88.715134,111.284866,11.284866,0.906188,0.948377
823.000000,24.897642,200.000000,88.722331,111.277669,11.277669,0.906109,0.948279
824.000000,24.897306,200.000000,88.729521,111.270479,11.270479,0.906031,0.948180
825.000000,24.896970,200.000000,88.736706,111.263294,11.263294,0.905952,0.948082
826.000000,24.896634,200.000000,88.743885,111.256115,11.256115,0.905874,0.947984
827.000000,24.896298,200.000000,88.751059,111.248941,11.248941,0.905795,0.947885
828.000000,24.895962,200.000000,88.758228,111.241772,11.241772,0.905716,0.947787
829.000000,24.895626,200.000000,88.765391,111.234609,11.234609,0.905638,0.947688
830.000000,24.895290,200.000000,88.772548,111.227452,11.227452,0.905559,0.947590
831.000000,24.894954,200.000000,88.779700,111.220300,11.220300,0.905481,0.947492
832.000000,24.894618,200.000000,88.786847,111.213153,11.213153,0.905402,0.947393
833.000000,24.894282,200.000000,88.793988,111.206012,11.206012,0.905324,0.947295
834.000000,24.893946,200.000000,88.801125,111.198875,11.198875,0.905245,0.947196
835.000000,24.893610,200.000000,88.808256,111.191744,11.191744,0.905167,0.947098
836.000000,24.893274,200.000000,88.815381,111.184619,11.184619,0.905088,0.947000
837.000000,24.892938,200.000000,88.822502,111.177498,11.177498,0.905010,0.946901
838.000000,24.892602,200.000000,88.829617,111.170383,11.170383,0.904931,0.946803
839.000000,24.892266,200.000000,88.836727,111.163273,11.163273,0.904852,0.946705
840.000000,24.891931,200.000000,88.843832,111.156168,11.156168,0.904774,0.946606
841.000000,24.891595,200.000000,88.850932,111.149068,11.149068,0.904695,0.946508
842.000000,24.891259,200.000000,88.858027,111.141973,11.141973,0.904617,0.946410
843.000000,24.890923,200.000000,88.865117,111.134883,11.134883,0.904538,0.946311
844.000000,24.890587,200.000000,88.872202,111.127798,11.127798,0.904459,0.946213
845.000000,24.890251,200.000000,88.879283,111.120717,11.120717,0.904381,0.946115
846.000000,24.889915,200.000000,88.886358,111.113642,11.113642,0.904302,0.946016
847.000000,24.889579,200.000000,88.893428,111.106572,11.106572,0.904223,0.945918
848.000000,24.889243,200.000000,88.900493,111.099507,11.099507,0.904145,0.945820
849.000000,24.888907,200.000000,88.907554,111.092446,11.092446,0.904066,0.945722
850.000000,24.888571,200.000000,88.914609,111.085391,11.085391,0.903987,0.945623
851.000000,24.888236,200.000000,88.921660,111.078340,11.078340,0.903909,0.945525
852.000000,24.887900,200.000000,88.928706,111.071294,11.071294,0.903830,0.945427
853.000000,24.887564,200.000000,88.935747,111.064253,11.064253,0.903751,0.945329
854.000000,24.887228,200.000000,88.942784,111.057216,11.057216,0.903673,0.945230
855.000000,24.886892,200.000000,88.949815,111.050185,11.050185,0.903594,0.945132
856.000000,24.886556,200.000000,88.956843,111.043157,11.043157,0.903515,0.945034
857.000000,24.886220,200.000000,88.963865,111.036135,11.036135,0.903437,0.944936
858.000000,24.885884,200.000000,88.970883,111.029117,11.029117,0.903358,0.944837
859.000000,24.885548,200.000000,88.977896,111.022104,11.022104,0.903279,0.944739
860.000000,24.885213,200.000000,88.984904,111.015096,11.015096,0.903201,0.944641
861.000000,24.884877,200.000000,88.991908,111.008092,11.008092,0.903122,0.944543
862.000000,24.884541,200.000000,88.998908,111.001092,11.001092,0.903043,0.944445
863.000000,24.884205,200.000000,89.005902,110.994098,10.994098,0.902964,0.944346
864.000000,24.883869,200.000000,89.012893,110.987107,10.987107,0.902886,0.944248
865.000000,24.883533,200.000000,89.019878,110.980122,10.980122,0.902807,0.944150
866.000000,24.883197,200.000000,89.026860,110.973140,10.973140,0.902728,0.944052
867.000000,24.882861,200.000000,89.033836,110.966164,10.966164,0.902649,0.943954
868.000000,24.882526,200.000000,89.040809,110.959191,10.959191,0.902571,0.943855
869.000000,24.882190,200.000000,89.047776,110.952224,10.952224,0.902492,0.943757
870.000000,24.881854,200.000000,89.054740,110.945260,10.945260,0.902413,0.943659
871.000000,24.881518,200.000000,89.061699,110.938301,10.938301,0.902334,0.943561
872.000000,24.881182,200.000000,89.068653,110.931347,10.931347,0.902255,0.943463
873.000000,24.880846,200.000000,89.075604,110.924396,10.924396,0.902177,0.943365
874.000000,24.880510,200.000000,89.082549,110.917451,10.917451,0.902098,0.943267
875.000000,24.880175,200.000000,89.089491,110.910509,10.910509,0.902019,0.943169
876.000000,24.879839,200.000000,89.096428,110.903572,10.903572,0.901940,0.943070
877.000000,24.879503,200.000000,89.103361,110.896639,10.896639,0.901861,0.942972
878.000000,24.879167,200.000000,89.110289,110.889711,10.889711,0.901783,0.942874
879.000000,24.878831,200.000000,89.117214,110.882786,10.882786,0.901704,0.942776
880.000000,24.878495,200.000000,89.124134,110.875866,10.875866,0.901625,0.942678
881.000000,24.878159,200.000000,89.131049,110.868951,10.868951,0.901546,0.942580
882.000000,24.877824,200.000000,89.137961,110.862039,10.862039,0.901467,0.942482
883.000000,24.877488,200.000000,89.144868,110.855132,10.855132,0.901388,0.942384
884.000000,24.877152,200.000000,89.151771,110.848229,10.848229,0.901309,0.942286
885.000000,24.876816,200.000000,89.158670,110.841330,10.841330,0.901231,0.942188
886.000000,24.876480,200.000000,89.165564,110.834436,10.834436,0.901152,0.942090
887.000000,24.876144,200.000000,89.172455,110.827545,10.827545,0.901073,0.941992
888.000000,24.875809,200.000000,89.179341,110.820659,10.820659,0.900994,0.941894
889.000000,24.875473,200.000000,89.186223,110.813777,10.813777,0.900915,0.941796
890.000000,24.875137,200.000000,89.193101,110.806899,10.806899,0.900836,0.941698
891.000000,24.874801,200.000000,89.199975,110.800025,10.800025,0.900757,0.941600
892.000000,24.874465,200.000000,89.206845,110.793155,10.793155,0.900678,0.941501
893.000000,24.874130,200.000000,89.213710,110.786290,10.786290,0.900599,0.941403
894.000000,24.873794,200.000000,89.220572,110.779428,10.779428,0.900520,0.941305
895.000000,24.873458,200.000000,89.227429,110.772571,10.772571,0.900441,0.941207
896.000000,24.873122,200.000000,89.234283,110.765717,10.765717,0.900363,0.941110
897.000000,24.872786,200.000000,89.241132,110.758868,10.758868,0.900284,0.941012
898.000000,24.872450,200.000000,89.247977,110.752023,10.752023,0.900205,0.940914
899.000000,24.872115,200.000000,89.254818,110.745182,10.745182,0.900126,0.940816
900.000000,24.871779,200.000000,89.261655,110.738345,10.738345,0.900047,0.940718
901.000000,24.871443,200.000000,89.268489,110.731511,10.731511,0.899968,0.940620
902.000000,24.871108,200.000000,89.275630,110.724370,10.724370,0.899889,0.940522
903.000000,24.870775,200.000000,89.283208,110.716792,10.716792,0.899810,0.940424
904.000000,24.870442,200.000000,89.290764,110.709236,10.709236,0.899731,0.940326
905.000000,24.870109,200.000000,89.298309,110.701691,10.701691,0.899652,0.940228
906.000000,24.869775,200.000000,89.305843,110.694157,10.694157,0.899573,0.940130
907.000000,24.869442,200.000000,89.313365,110.686635,10.686635,0.899494,0.940032
908.000000,24.869109,200.000000,89.320877,110.679123,10.679123,0.899415,0.939934
909.000000,24.868777,200.000000,89.327873,110.672127,10.672127,0.899336,0.939836
910.000000,24.868447,200.000000,89.334631,110.665369,10.665369,0.899257,0.939738
911.000000,24.868116,200.000000,89.341392,110.658608,10.658608,0.899178,0.939640
912.000000,24.867785,200.000000,89.348149,110.651851,10.651851,0.899099,0.939543
913.000000,24.867455,200.000000,89.354904,110.645096,10.645096,0.899020,0.939445
914.000000,24.867124,200.000000,89.361655,110.638345,10.638345,0.898941,0.939347
915.000000,24.866794,200.000000,89.368403,110.631597,10.631597,0.898861,0.939249
916.000000,24.866463,200.000000,89.375148,110.624852,10.624852,0.898782,0.939151
917.000000,24.866132,200.000000,89.381890,110.618110,10.618110,0.898703,0.939053
918.000000,24.865802,200.000000,89.388629,110.611371,10.611371,0.898624,0.938955
919.000000,24.865471,200.000000,89.395365,110.604635,10.604635,0.898545,0.938858
920.000000,24.865140,200.000000,89.402098,110.597902,10.597902,0.898466,0.938760
921.000000,24.864810,200.000000,89.408827,110.591173,10.591173,0.898387,0.938662
922.000000,24.864479,200.000000,89.415554,110.584446,10.584446,0.898308,0.938564
923.000000,24.864148,200.000000,89.422277,110.577723,10.577723,0.898229,0.938466
924.000000,24.863818,200.000000,89.428997,110.571003,10.571003,0.898150,0.938368
925.000000,24.863487,200.000000,89.435714,110.564286,10.564286,0.898071,0.938271
926.000000,24.863156,200.000000,89.442428,110.557572,10.557572,0.897991,0.938173
927.000000,24.862826,200.000000,89.449139,110.550861,10.550861,0.897912,0.938075
928.000000,24.862495,200.000000,89.455846,110.544154,10.544154,0.897833,0.937977
929.000000,24.862164,200.000000,89.462550,110.537450,10.537450,0.897754,0.937879
930.000000,24.861834,200.000000,89.469252,110.530748,10.530748,0.897675,0.937782
931.000000,24.861503,200.000000,89.475950,110.524050,10.524050,0.897596,0.937684
932.000000,24.861172,200.000000,89.482644,110.517356,10.517356,0.897517,0.937586
933.000000,24.860842,200.000000,89.489336,110.510664,10.510664,0.897437,0.937488
934.000000,24.860511,200.000000,89.496024,110.503976,10.503976,0.897358,0.937391
935.000000,24.860181,200.000000,89.502710,110.497290,10.497290,0.897279,0.937293
936.000000,24.859850,200.000000,89.509392,110.490608,10.490608,0.897200,0.937195
937.000000,24.859519,200.000000,89.516071,110.483929,10.483929,0.897121,0.937097
938.000000,24.859189,200.000000,89.522746,110.477254,10.477254,0.897041,0.937000
939.000000,24.858858,200.000000,89.529419,110.470581,10.470581,0.896962,0.936902
940.000000,24.858527,200.000000,89.536088,110.463912,10.463912,0.896883,0.936804
941.000000,24.858197,200.000000,89.542754,110.457246,10.457246,0.896804,0.936706
942.000000,24.857866,200.000000,89.549417,110.450583,10.450583,0.896725,0.936609
943.000000,24.857536,200.000000,89.556076,110.443924,10.443924,0.896645,0.936511
944.000000,24.857205,200.000000,89.562732,110.437268,10.437268,0.896566,0.936413
945.000000,24.856874,200.000000,89.569386,110.430614,10.430614,0.896487,0.936316
946.000000,24.856544,200.000000,89.576035,110.423965,10.423965,0.896408,0.936218
947.000000,24.856213,200.000000,89.582682,110.417318,10.417318,0.896328,0.936120
948.000000,24.855883,200.000000,89.589325,110.410675,10.410675,0.896249,0.936023
949.000000,24.855552,200.000000,89.595965,110.404035,10.404035,0.896170,0.935925
950.000000,24.855221,200.000000,89.602602,110.397398,10.397398,0.896091,0.935827
951.000000,24.854891,200.000000,89.609236,110.390764,10.390764,0.896011,0.935730
952.000000,24.854560,200.000000,89.615866,110.384134,10.384134,0.895932,0.935632
953.000000,24.854229,200.000000,89.622494,110.377506,10.377506,0.895853,0.935534
954.000000,24.853899,200.000000,89.629117,110.370883,10.370883,0.895774,0.935437
955.000000,24.853568,200.000000,89.635738,110.364262,10.364262,0.895694,0.935339
956.000000,24.853238,200.000000,89.642355,110.357645,10.357645,0.895615,0.935241
957.000000,24.852907,200.000000,89.648970,110.351030,10.351030,0.895536,0.935144
958.000000,24.852576,200.000000,89.655580,110.344420,10.344420,0.895456,0.935046
959.000000,24.852246,200.000000,89.662188,110.337812,10.337812,0.895377,0.934949
960.000000,24.851915,200.000000,89.668792,110.331208,10.331208,0.895298,0.934851
